lambda,train_rmse,test_rmse,train_r2,test_r2
0.0,691.280685867572,1112.7067929941304,0.8504153452906174,0.6476819332827943
0.01,691.2814844991935,1112.407058706491,0.8504149996622589,0.6478717183766289
0.1,691.3478662241702,1110.1204446497145,0.8503862698688646,0.649317868731009
1.0,693.4738737059341,1105.2373808653824,0.8494646817682702,0.6523961600407261
10.0,713.7326853950011,1188.9319651729868,0.8405408779211017,0.5977579749990067
100.0,878.1332709881702,1716.749440525951,0.7586212346544473,0.1613374225997809
