lambda,train_rmse,test_rmse,train_r2,test_r2
0.0,691.280685867572,1112.706792994132,0.8504153452906174,0.6476819332827934
0.01,691.2814844991935,1112.4070587064932,0.8504149996622589,0.6478717183766275
0.1,691.3478662241702,1110.1204446497172,0.8503862698688646,0.6493178687310073
1.0,693.473873705934,1105.2373808653815,0.8494646817682702,0.6523961600407266
10.0,713.7326853950009,1188.9319651729886,0.8405408779211018,0.5977579749990056
100.0,878.1332709881698,1716.7494405259504,0.7586212346544475,0.16133742259978168
